{ "columns":5,
 "image":"..\/..\/Asprite PA2\/Zeitzonen\/Wikinger\/Welt f\u00fcr Tiled\/WasserAnimationen-Sheet.png",
 "imageheight":32,
 "imagewidth":160,
 "margin":0,
 "name":"Wasser",
 "spacing":0,
 "tilecount":5,
 "tiledversion":"1.8.4",
 "tileheight":32,
 "tiles":[
        {
         "animation":[
                {
                 "duration":300,
                 "tileid":0
                }, 
                {
                 "duration":300,
                 "tileid":1
                }, 
                {
                 "duration":300,
                 "tileid":2
                }, 
                {
                 "duration":300,
                 "tileid":3
                }, 
                {
                 "duration":300,
                 "tileid":4
                }],
         "id":0
        }],
 "tilewidth":32,
 "transparentcolor":"#ff00ff",
 "type":"tileset",
 "version":"1.8"
}