{ "columns":9,
 "image":"PhyramidSheet.png",
 "imageheight":256,
 "imagewidth":288,
 "margin":0,
 "name":"PhyramidSheet",
 "spacing":0,
 "tilecount":72,
 "tiledversion":"1.8.4",
 "tileheight":32,
 "tiles":[
        {
         "animation":[
                {
                 "duration":300,
                 "tileid":20
                }, 
                {
                 "duration":300,
                 "tileid":21
                }, 
                {
                 "duration":300,
                 "tileid":22
                }, 
                {
                 "duration":300,
                 "tileid":23
                }],
         "id":20
        }],
 "tilewidth":32,
 "transparentcolor":"#ff00ff",
 "type":"tileset",
 "version":"1.8"
}